Time,Publication,Sent
2022-03-25 09:18:34.119422+10:00,SBS,4
2022-03-25 09:24:35.659811+10:00,ABC,20
2022-03-25 09:24:49.327756+10:00,SBS,12
2022-03-25 09:25:01.155138+10:00,The Guardian,10
2022-03-25 09:25:11.730256+10:00,News,1
2022-03-25 09:30:13.992908+10:00,News,10
2022-03-25 09:31:41.688627+10:00,ABC,20
2022-03-25 09:31:59.404119+10:00,SBS,12
2022-03-25 09:32:13.316294+10:00,The Guardian,10
2022-03-25 09:32:20.249792+10:00,News,0
2022-03-25 12:04:07.643214+10:00,ABC,20
2022-03-25 12:04:29.805689+10:00,SBS,12
2022-03-25 12:04:43.173999+10:00,The Guardian,10
2022-03-25 12:04:50.990374+10:00,News,0
2022-03-25 18:19:17.277502+10:00,ABC,20
2022-03-25 18:19:41.953011+10:00,SBS,12
2022-03-25 18:19:56.034934+10:00,The Guardian,10
2022-03-25 18:20:04.912797+10:00,News,0
2022-03-26 06:16:32.886182+10:00,ABC,20
2022-03-26 06:16:57.735095+10:00,SBS,12
2022-03-26 06:17:14.506739+10:00,The Guardian,11
2022-03-26 06:17:21.817706+10:00,News,0
2022-03-26 18:18:30.949951+10:00,ABC,20
2022-03-26 18:18:49.375299+10:00,SBS,12
2022-03-26 18:19:02.195475+10:00,The Guardian,10
2022-03-26 18:19:09.483871+10:00,News,0
2022-03-27 06:16:25.720539+10:00,ABC,20
2022-03-27 06:16:43.252323+10:00,SBS,12
2022-03-27 06:16:57.428648+10:00,The Guardian,10
2022-03-27 06:17:05.652577+10:00,News,0
2022-03-27 18:18:22.624371+10:00,ABC,20
2022-03-27 18:18:42.757311+10:00,SBS,12
2022-03-27 18:18:58.091526+10:00,The Guardian,10
2022-03-27 18:19:06.324135+10:00,News,0
2022-03-28 06:16:51.063675+10:00,ABC,20
2022-03-28 06:17:09.883248+10:00,SBS,12
2022-03-28 06:17:18.569735+10:00,The Guardian,10
2022-03-28 06:17:29.531210+10:00,News,0
2022-03-28 18:21:17.264551+10:00,ABC,20
2022-03-28 18:21:35.899748+10:00,SBS,12
2022-03-28 18:21:50.101929+10:00,The Guardian,10
2022-03-28 18:21:58.684128+10:00,News,0
2022-03-29 06:17:12.392428+10:00,ABC,20
2022-03-29 06:17:31.414618+10:00,SBS,12
2022-03-29 06:17:45.599851+10:00,The Guardian,11
2022-03-29 06:17:54.775732+10:00,News,0
2022-03-29 12:15:41.439326+10:00,News,10
2022-03-29 12:33:18.556727+10:00,SMH,9
2022-03-29 12:37:11.001421+10:00,ABC,20
2022-03-29 12:37:27.168919+10:00,SBS,12
2022-03-29 12:37:39.458531+10:00,The Guardian,11
2022-03-29 12:37:47.263371+10:00,News,0
2022-03-29 12:37:49.053722+10:00,SMH,8
2022-03-29 18:20:08.120644+10:00,SBS,12
2022-03-29 18:20:24.839621+10:00,The Guardian,9
2022-03-29 18:20:33.302071+10:00,News,0
2022-03-29 18:20:35.374681+10:00,SMH,6
2022-03-30 06:16:46.595657+10:00,ABC,20
2022-03-30 06:17:09.891474+10:00,The Guardian,10
2022-03-30 06:17:20.314656+10:00,News,0
2022-03-30 06:17:22.522328+10:00,SMH,7
2022-03-30 18:20:21.901051+10:00,ABC,20
2022-03-30 18:20:47.797102+10:00,The Guardian,10
2022-03-30 18:20:56.000268+10:00,News,0
2022-03-30 18:20:57.777733+10:00,SMH,6
2022-03-31 06:16:41.167298+10:00,ABC,20
2022-03-31 06:16:59.561842+10:00,SBS,12
2022-03-31 06:17:12.769463+10:00,The Guardian,11
2022-03-31 06:17:21.152000+10:00,News,0
2022-03-31 06:17:22.766496+10:00,SMH,8
2022-03-31 18:18:39.251457+10:00,ABC,20
2022-03-31 18:18:57.542374+10:00,SBS,12
2022-03-31 18:19:12.753885+10:00,The Guardian,10
2022-03-31 18:19:22.530661+10:00,News,0
2022-03-31 18:19:24.179785+10:00,SMH,5
2022-04-01 12:59:32.041367+10:00,ABC,20
2022-04-01 12:59:46.409602+10:00,SBS,12
2022-04-01 12:59:56.996461+10:00,The Guardian,10
2022-04-01 13:00:06.078487+10:00,News,10
2022-04-01 13:00:18.048040+10:00,SMH,9
2022-04-04 07:50:32.974128+10:00,ABC,20
2022-04-04 07:50:55.195664+10:00,SBS,12
2022-04-04 07:51:11.368836+10:00,The Guardian,11
2022-04-04 07:51:22.124459+10:00,News,0
2022-04-04 07:51:23.838054+10:00,SMH,9
2022-04-04 07:52:42.896701+10:00,ABC,20
2022-04-04 07:53:02.677856+10:00,SBS,12
2022-04-04 07:53:19.622488+10:00,The Guardian,11
2022-04-04 07:53:27.158855+10:00,News,0
2022-04-04 07:53:28.915990+10:00,SMH,9
2022-04-04 18:19:57.551660+10:00,ABC,20
2022-04-04 18:20:24.190614+10:00,The Guardian,11
2022-04-04 18:20:34.939502+10:00,News,0
2022-04-04 18:20:36.585392+10:00,SMH,8
2022-04-05 06:17:00.665897+10:00,ABC,20
2022-04-05 06:17:21.638131+10:00,SBS,12
2022-04-05 06:17:37.455586+10:00,The Guardian,11
2022-04-05 06:17:48.182792+10:00,News,0
2022-04-05 06:17:49.905783+10:00,SMH,8
2022-04-05 18:20:07.866642+10:00,ABC,20
2022-04-05 18:20:28.216180+10:00,SBS,12
2022-04-05 18:20:44.884895+10:00,The Guardian,10
2022-04-05 18:20:55.465770+10:00,News,0
2022-04-05 18:20:57.267711+10:00,SMH,7
2022-04-06 06:17:56.418514+10:00,ABC,20
2022-04-06 06:18:16.393287+10:00,SBS,12
2022-04-06 06:18:35.070661+10:00,The Guardian,11
2022-04-06 06:18:42.029777+10:00,News,0
2022-04-06 06:18:43.838835+10:00,SMH,9
2022-04-06 18:19:46.377858+10:00,ABC,20
2022-04-06 18:20:14.940144+10:00,The Guardian,10
2022-04-06 18:20:23.454146+10:00,News,0
2022-04-06 18:20:25.249249+10:00,SMH,9
2022-04-07 06:17:05.843827+10:00,ABC,20
2022-04-07 06:17:39.372290+10:00,The Guardian,10
2022-04-07 06:17:47.024434+10:00,News,0
2022-04-07 06:17:49.065935+10:00,SMH,7
2022-04-07 18:20:07.776637+10:00,ABC,20
2022-04-07 18:20:26.607997+10:00,SBS,12
2022-04-07 18:20:40.860740+10:00,The Guardian,10
2022-04-07 18:20:51.716070+10:00,News,0
2022-04-07 18:20:53.471352+10:00,SMH,8
2022-04-08 06:17:49.327568+10:00,SBS,12
2022-04-08 06:18:06.265146+10:00,The Guardian,11
2022-04-08 06:18:15.271999+10:00,News,0
2022-04-08 06:18:17.151040+10:00,SMH,9
2022-04-08 18:19:38.356675+10:00,ABC,20
2022-04-08 18:19:56.609669+10:00,SBS,12
2022-04-08 18:20:13.963797+10:00,The Guardian,10
2022-04-08 18:20:21.749017+10:00,News,0
2022-04-08 18:20:23.526687+10:00,SMH,7
2022-04-09 06:17:11.083685+10:00,ABC,20
2022-04-09 06:17:34.532174+10:00,SBS,12
2022-04-09 06:17:50.725359+10:00,The Guardian,10
2022-04-09 06:17:57.392593+10:00,News,0
2022-04-09 06:17:59.210298+10:00,SMH,10
2022-04-09 18:18:53.124310+10:00,ABC,20
2022-04-09 18:19:10.836498+10:00,SBS,12
2022-04-09 18:19:24.462252+10:00,The Guardian,11
2022-04-09 18:19:33.230475+10:00,News,0
2022-04-09 18:19:34.995802+10:00,SMH,8
2022-04-10 06:17:13.544728+10:00,ABC,20
2022-04-10 06:17:35.478279+10:00,SBS,12
2022-04-10 06:17:52.784941+10:00,The Guardian,10
2022-04-10 06:18:01.584963+10:00,News,0
2022-04-10 06:18:03.294141+10:00,SMH,10
2022-04-10 18:18:37.790038+10:00,ABC,20
2022-04-10 18:18:56.336788+10:00,SBS,12
2022-04-10 18:19:13.493818+10:00,The Guardian,9
2022-04-10 18:19:21.501520+10:00,News,0
2022-04-10 18:19:23.134592+10:00,SMH,6
2022-04-11 06:16:17.929992+10:00,ABC,20
2022-04-11 06:16:36.406557+10:00,SBS,12
2022-04-11 06:16:51.727767+10:00,The Guardian,9
2022-04-11 06:17:00.560505+10:00,News,0
2022-04-11 06:17:02.511536+10:00,SMH,7
2022-04-11 18:20:16.537596+10:00,ABC,20
2022-04-11 18:20:36.326731+10:00,SBS,12
2022-04-11 18:20:52.038958+10:00,The Guardian,9
2022-04-11 18:21:00.618005+10:00,News,0
2022-04-11 18:21:02.300060+10:00,SMH,7
2022-04-12 06:17:48.721606+10:00,ABC,20
2022-04-12 06:18:08.926578+10:00,SBS,12
2022-04-12 06:18:21.816460+10:00,The Guardian,9
2022-04-12 06:18:30.862147+10:00,News,0
2022-04-12 06:18:32.633838+10:00,SMH,8
2022-04-12 18:20:35.481156+10:00,SBS,12
2022-04-12 18:20:52.990689+10:00,The Guardian,9
2022-04-12 18:21:00.625003+10:00,News,0
2022-04-12 18:21:02.490237+10:00,SMH,7
2022-04-13 06:17:22.508847+10:00,ABC,20
2022-04-13 06:17:44.047608+10:00,SBS,12
2022-04-13 06:18:00.433729+10:00,The Guardian,6
2022-04-13 06:18:05.955021+10:00,News,0
2022-04-13 06:18:07.777853+10:00,SMH,9
2022-04-13 18:20:51.859108+10:00,ABC,20
2022-04-13 18:21:09.868161+10:00,SBS,12
2022-04-13 18:21:25.453456+10:00,The Guardian,8
2022-04-13 18:21:30.599928+10:00,News,0
2022-04-13 18:21:32.385121+10:00,SMH,9
2022-04-14 06:17:58.275504+10:00,ABC,20
2022-04-14 06:18:17.656570+10:00,SBS,12
2022-04-14 06:18:35.543335+10:00,The Guardian,8
2022-04-14 06:18:42.544417+10:00,News,0
2022-04-14 06:18:44.362566+10:00,SMH,8
2022-04-14 18:21:43.631043+10:00,ABC,20
2022-04-14 18:22:06.793814+10:00,SBS,12
2022-04-14 18:22:19.863768+10:00,The Guardian,8
2022-04-14 18:22:24.972683+10:00,News,0
2022-04-14 18:22:26.794225+10:00,SMH,7
2022-04-15 06:17:12.969357+10:00,ABC,20
2022-04-15 06:17:34.521952+10:00,SBS,12
2022-04-15 06:17:53.399193+10:00,The Guardian,8
2022-04-15 06:18:00.908095+10:00,News,0
2022-04-15 06:18:02.723430+10:00,SMH,7
2022-04-15 18:20:27.972260+10:00,ABC,20
2022-04-15 18:20:49.057100+10:00,SBS,12
2022-04-15 18:21:04.843040+10:00,The Guardian,11
2022-04-15 18:21:13.096195+10:00,News,0
2022-04-15 18:21:15.025166+10:00,SMH,6
2022-04-16 06:17:22.593999+10:00,ABC,20
2022-04-16 06:17:43.957100+10:00,SBS,12
2022-04-16 06:17:57.252364+10:00,The Guardian,10
2022-04-16 06:18:05.719836+10:00,News,0
2022-04-16 06:18:07.549554+10:00,SMH,10
2022-04-16 18:19:34.432126+10:00,ABC,20
2022-04-16 18:19:54.662886+10:00,SBS,12
2022-04-16 18:20:10.518307+10:00,The Guardian,11
2022-04-16 18:20:21.136870+10:00,News,0
2022-04-16 18:20:22.987224+10:00,SMH,9
2022-04-17 06:16:18.906693+10:00,ABC,20
2022-04-17 06:16:38.058890+10:00,SBS,12
2022-04-17 06:16:51.779651+10:00,The Guardian,11
2022-04-17 06:17:00.028997+10:00,News,0
2022-04-17 06:17:01.844264+10:00,SMH,10
2022-04-17 18:19:43.964956+10:00,SBS,12
2022-04-17 18:19:59.605346+10:00,The Guardian,10
2022-04-17 18:20:08.647055+10:00,News,0
2022-04-17 18:20:10.310901+10:00,SMH,9
2022-04-18 06:16:54.912300+10:00,SBS,12
2022-04-18 06:17:05.275746+10:00,The Guardian,10
2022-04-18 06:17:13.365503+10:00,News,0
2022-04-18 06:17:15.185856+10:00,SMH,9
2022-04-18 18:21:19.858277+10:00,ABC,20
2022-04-18 18:21:40.378175+10:00,SBS,12
2022-04-18 18:21:54.180413+10:00,The Guardian,11
2022-04-18 18:22:04.613974+10:00,News,0
2022-04-18 18:22:06.481778+10:00,SMH,9
2022-04-19 06:17:43.152077+10:00,ABC,20
2022-04-19 06:18:00.316326+10:00,SBS,12
2022-04-19 06:18:18.824155+10:00,The Guardian,10
2022-04-19 06:18:28.610386+10:00,News,0
2022-04-19 06:18:30.539848+10:00,SMH,10
2022-04-19 18:20:49.143945+10:00,ABC,20
2022-04-19 18:21:08.589024+10:00,SBS,12
2022-04-19 18:21:23.709401+10:00,The Guardian,10
2022-04-19 18:21:31.142894+10:00,News,0
2022-04-19 18:21:32.979453+10:00,SMH,10
2022-04-20 06:18:57.781426+10:00,ABC,20
2022-04-20 06:19:18.563574+10:00,SBS,12
2022-04-20 06:19:36.756348+10:00,The Guardian,10
2022-04-20 06:19:45.485463+10:00,News,0
2022-04-20 06:19:47.550753+10:00,SMH,8
2022-04-20 18:23:11.020520+10:00,ABC,20
2022-04-20 18:23:36.329202+10:00,SBS,12
2022-04-20 18:23:50.728773+10:00,The Guardian,10
2022-04-20 18:23:59.944100+10:00,News,0
2022-04-20 18:24:01.680425+10:00,SMH,9
2022-04-21 06:18:55.838368+10:00,ABC,20
2022-04-21 06:19:36.847612+10:00,SBS,12
2022-04-21 06:19:56.979378+10:00,The Guardian,10
2022-04-21 06:20:07.229680+10:00,News,0
2022-04-21 06:20:09.019053+10:00,SMH,8
2022-04-21 18:21:52.219164+10:00,ABC,20
2022-04-21 18:22:16.640815+10:00,SBS,12
2022-04-21 18:22:29.568735+10:00,The Guardian,10
2022-04-21 18:22:37.732193+10:00,News,0
2022-04-21 18:22:39.530463+10:00,SMH,7
2022-04-22 06:19:52.548650+10:00,ABC,20
2022-04-22 06:20:14.613230+10:00,SBS,12
2022-04-22 06:20:29.405826+10:00,The Guardian,10
2022-04-22 06:20:41.067061+10:00,News,0
2022-04-22 06:20:43.216808+10:00,SMH,7
2022-04-22 18:20:57.347825+10:00,ABC,20
2022-04-22 18:21:20.886288+10:00,The Guardian,10
2022-04-22 18:21:28.352269+10:00,News,0
2022-04-22 18:21:30.196307+10:00,SMH,7
2022-04-23 06:17:46.728023+10:00,ABC,20
2022-04-23 06:18:15.001815+10:00,The Guardian,10
2022-04-23 06:18:23.942837+10:00,News,0
2022-04-23 06:18:25.754012+10:00,SMH,10
2022-04-23 18:19:15.269260+10:00,ABC,20
2022-04-23 18:19:38.328570+10:00,SBS,12
2022-04-23 18:19:51.860987+10:00,The Guardian,11
2022-04-23 18:20:01.837009+10:00,News,0
2022-04-23 18:20:03.589313+10:00,SMH,8
2022-04-24 06:17:10.413537+10:00,ABC,20
2022-04-24 06:17:30.376711+10:00,SBS,12
2022-04-24 06:17:42.115763+10:00,The Guardian,11
2022-04-24 06:17:51.986201+10:00,News,0
2022-04-24 06:17:53.819111+10:00,SMH,10
2022-04-24 18:19:49.415321+10:00,ABC,20
2022-04-24 18:20:10.453534+10:00,SBS,12
2022-04-24 18:20:24.706670+10:00,The Guardian,11
2022-04-24 18:20:35.024033+10:00,News,0
2022-04-24 18:20:36.629224+10:00,SMH,7
2022-04-25 06:17:40.290985+10:00,ABC,20
2022-04-25 06:18:00.311167+10:00,SBS,12
2022-04-25 06:18:16.677099+10:00,The Guardian,10
2022-04-25 06:18:25.290644+10:00,News,0
2022-04-25 06:18:27.141224+10:00,SMH,7
2022-04-25 18:22:07.029997+10:00,ABC,20
2022-04-25 18:22:29.930933+10:00,The Guardian,10
2022-04-25 18:22:38.402732+10:00,News,0
2022-04-25 18:22:40.188219+10:00,SMH,6
2022-04-26 06:17:36.983426+10:00,ABC,20
2022-04-26 06:18:04.914351+10:00,The Guardian,10
2022-04-26 06:18:14.445174+10:00,News,0
2022-04-26 06:18:16.210880+10:00,SMH,8
2022-04-26 18:21:13.528150+10:00,ABC,20
2022-04-26 18:21:33.154767+10:00,SBS,12
2022-04-26 18:21:51.489784+10:00,The Guardian,10
2022-04-26 18:22:00.812635+10:00,News,0
2022-04-26 18:22:02.634561+10:00,SMH,10
2022-04-27 06:18:26.328043+10:00,ABC,20
2022-04-27 06:19:00.520538+10:00,The Guardian,10
2022-04-27 06:19:12.158060+10:00,News,0
2022-04-27 06:19:14.115904+10:00,SMH,9
2022-04-27 18:20:53.667955+10:00,ABC,20
2022-04-27 18:21:24.478627+10:00,The Guardian,10
2022-04-27 18:21:31.605665+10:00,News,0
2022-04-27 18:21:33.518441+10:00,SMH,9
2022-04-28 06:18:57.676373+10:00,ABC,20
2022-04-28 06:19:28.241794+10:00,The Guardian,11
2022-04-28 06:19:36.939109+10:00,News,0
2022-04-28 06:19:38.739529+10:00,SMH,8
2022-04-28 18:21:19.683066+10:00,SBS,12
2022-04-28 18:21:32.272894+10:00,The Guardian,10
2022-04-28 18:21:41.032234+10:00,News,0
2022-04-28 18:21:42.856834+10:00,SMH,10
2022-04-29 06:17:48.031822+10:00,ABC,20
2022-04-29 06:18:04.540228+10:00,SBS,12
2022-04-29 06:18:21.949526+10:00,The Guardian,10
2022-04-29 06:18:31.020620+10:00,News,0
2022-04-29 06:18:33.094578+10:00,SMH,7
2022-04-29 18:22:38.736544+10:00,ABC,20
2022-04-29 18:23:01.559668+10:00,SBS,12
2022-04-29 18:23:13.841647+10:00,The Guardian,10
2022-04-29 18:23:22.795543+10:00,News,0
2022-04-29 18:23:24.695999+10:00,SMH,8
2022-04-30 06:18:26.302249+10:00,ABC,20
2022-04-30 06:18:46.848856+10:00,SBS,12
2022-04-30 06:19:00.654014+10:00,The Guardian,11
2022-04-30 06:19:10.125472+10:00,News,0
2022-04-30 06:19:11.893401+10:00,SMH,10
2022-04-30 18:19:55.991539+10:00,ABC,20
2022-04-30 18:20:15.953939+10:00,SBS,12
2022-04-30 18:20:32.763322+10:00,The Guardian,11
2022-04-30 18:20:42.775283+10:00,News,0
2022-04-30 18:20:44.420627+10:00,SMH,9
2022-05-01 06:17:20.579799+10:00,ABC,20
2022-05-01 06:17:40.599620+10:00,SBS,12
2022-05-01 06:17:56.962417+10:00,The Guardian,10
2022-05-01 06:18:05.295182+10:00,News,0
2022-05-01 06:18:07.060594+10:00,SMH,10
2022-05-01 18:20:10.118934+10:00,ABC,20
2022-05-01 18:20:29.200741+10:00,SBS,12
2022-05-01 18:20:43.967961+10:00,The Guardian,10
2022-05-01 18:20:51.549249+10:00,News,0
2022-05-01 18:20:53.361493+10:00,SMH,9
2022-05-02 06:17:33.634133+10:00,ABC,20
2022-05-02 06:17:50.530784+10:00,SBS,12
2022-05-02 06:18:04.328234+10:00,The Guardian,10
2022-05-02 06:18:11.758254+10:00,News,0
2022-05-02 06:18:13.426368+10:00,SMH,7
2022-05-02 18:22:54.676385+10:00,ABC,20
2022-05-02 18:23:17.923934+10:00,The Guardian,10
2022-05-02 18:23:25.676486+10:00,News,0
2022-05-02 18:23:27.479647+10:00,SMH,10
2022-05-03 06:15:13.456684+10:00,ABC,20
2022-05-03 06:15:36.425049+10:00,The Guardian,10
2022-05-03 06:15:45.394707+10:00,News,0
2022-05-03 06:15:47.264736+10:00,SMH,9
2022-05-03 18:21:09.444077+10:00,ABC,20
2022-05-03 18:21:43.192370+10:00,The Guardian,10
2022-05-03 18:21:51.785395+10:00,News,0
2022-05-03 18:21:53.680999+10:00,SMH,7
2022-05-04 06:17:56.344522+10:00,ABC,20
2022-05-04 06:18:34.756157+10:00,The Guardian,11
2022-05-04 06:18:44.388209+10:00,News,0
2022-05-04 06:18:46.359675+10:00,SMH,7
2022-05-04 18:21:40.145115+10:00,ABC,20
2022-05-04 18:22:01.565301+10:00,SBS,12
2022-05-04 18:22:14.328777+10:00,The Guardian,10
2022-05-04 18:22:23.952454+10:00,News,0
2022-05-04 18:22:25.799647+10:00,SMH,8
2022-05-05 06:18:47.720341+10:00,ABC,20
2022-05-05 06:19:06.312574+10:00,SBS,12
2022-05-05 06:19:20.815789+10:00,The Guardian,10
2022-05-05 06:19:30.664386+10:00,News,0
2022-05-05 06:19:32.703981+10:00,SMH,7
2022-05-05 18:22:22.159332+10:00,ABC,20
2022-05-05 18:22:42.959039+10:00,SBS,12
2022-05-05 18:22:58.981045+10:00,The Guardian,10
2022-05-05 18:23:07.345515+10:00,News,0
2022-05-05 18:23:09.160870+10:00,SMH,10
2022-05-06 06:17:58.967267+10:00,ABC,20
2022-05-06 06:18:19.371341+10:00,SBS,12
2022-05-06 06:18:36.280316+10:00,The Guardian,11
2022-05-06 06:18:46.196412+10:00,News,0
2022-05-06 06:18:47.861030+10:00,SMH,8
2022-05-06 18:21:34.972357+10:00,ABC,20
2022-05-06 18:21:58.855624+10:00,SBS,12
2022-05-06 18:22:15.982617+10:00,The Guardian,10
2022-05-06 18:22:26.161831+10:00,News,0
2022-05-06 18:22:27.794054+10:00,SMH,8
2022-05-07 06:18:16.377327+10:00,ABC,20
2022-05-07 06:18:32.573056+10:00,SBS,12
2022-05-07 06:18:51.883901+10:00,The Guardian,10
2022-05-07 06:19:01.108706+10:00,News,0
2022-05-07 06:19:02.794101+10:00,SMH,10
2022-05-07 18:20:53.260526+10:00,ABC,20
2022-05-07 18:21:15.589772+10:00,SBS,12
2022-05-07 18:21:29.302676+10:00,The Guardian,11
2022-05-07 18:21:36.706537+10:00,News,0
2022-05-07 18:21:38.362303+10:00,SMH,10
2022-05-08 06:17:44.775251+10:00,ABC,20
2022-05-08 06:18:06.112786+10:00,SBS,12
2022-05-08 06:18:23.401089+10:00,The Guardian,11
2022-05-08 06:18:31.690680+10:00,News,0
2022-05-08 06:18:33.596922+10:00,SMH,10
2022-05-08 18:20:28.811427+10:00,ABC,20
2022-05-08 18:21:03.859707+10:00,The Guardian,10
2022-05-08 18:21:12.434418+10:00,News,0
2022-05-08 18:21:14.341650+10:00,SMH,9
2022-05-09 06:17:24.238828+10:00,ABC,20
2022-05-09 06:17:43.782235+10:00,SBS,12
2022-05-09 06:17:59.038003+10:00,The Guardian,10
2022-05-09 06:18:08.799278+10:00,News,0
2022-05-09 06:18:10.674833+10:00,SMH,8
2022-05-09 18:21:41.282618+10:00,ABC,20
2022-05-09 18:21:59.751585+10:00,SBS,12
2022-05-09 18:22:13.755986+10:00,The Guardian,10
2022-05-09 18:22:22.046070+10:00,News,0
2022-05-09 18:22:23.831735+10:00,SMH,9
2022-05-10 06:18:05.449743+10:00,ABC,20
2022-05-10 06:18:22.736001+10:00,SBS,12
2022-05-10 06:18:36.826611+10:00,The Guardian,11
2022-05-10 06:18:46.958171+10:00,News,0
2022-05-10 06:18:48.628296+10:00,SMH,8
2022-05-10 18:21:52.200796+10:00,ABC,20
2022-05-10 18:22:12.742205+10:00,SBS,12
2022-05-10 18:22:28.688996+10:00,The Guardian,10
2022-05-10 18:22:38.725351+10:00,News,0
2022-05-10 18:22:40.450074+10:00,SMH,10
2022-05-11 06:19:19.501358+10:00,ABC,20
2022-05-11 06:19:36.940168+10:00,SBS,12
2022-05-11 06:19:55.036686+10:00,The Guardian,10
2022-05-11 06:20:04.650128+10:00,News,0
2022-05-11 06:20:06.387205+10:00,SMH,8
2022-05-11 18:23:34.301641+10:00,ABC,20
2022-05-11 18:23:55.823288+10:00,SBS,12
2022-05-11 18:24:08.762847+10:00,The Guardian,10
2022-05-11 18:24:18.352597+10:00,News,0
2022-05-11 18:24:20.216291+10:00,SMH,9
2022-05-12 06:18:46.082423+10:00,ABC,20
2022-05-12 06:19:07.383112+10:00,SBS,12
2022-05-12 06:19:24.048242+10:00,The Guardian,10
2022-05-12 06:19:33.322973+10:00,News,0
2022-05-12 06:19:35.184429+10:00,SMH,8
2022-05-12 18:21:59.423198+10:00,ABC,20
2022-05-12 18:22:20.146232+10:00,SBS,12
2022-05-12 18:22:36.562236+10:00,The Guardian,11
2022-05-12 18:22:47.602167+10:00,News,0
2022-05-12 18:22:49.342798+10:00,SMH,8
2022-05-13 06:19:21.511652+10:00,ABC,20
2022-05-13 06:19:42.137286+10:00,SBS,12
2022-05-13 06:20:01.125067+10:00,The Guardian,11
2022-05-13 06:20:09.288458+10:00,News,0
2022-05-13 06:20:11.188582+10:00,SMH,8
2022-05-13 18:20:43.342929+10:00,ABC,20
2022-05-13 18:21:00.192601+10:00,SBS,12
2022-05-13 18:21:14.716180+10:00,The Guardian,10
2022-05-13 18:21:24.459826+10:00,News,0
2022-05-13 18:21:26.253816+10:00,SMH,8
2022-05-14 06:19:50.020539+10:00,ABC,20
2022-05-14 06:20:09.026506+10:00,SBS,12
2022-05-14 06:20:24.428758+10:00,The Guardian,10
2022-05-14 06:20:35.499645+10:00,News,0
2022-05-14 06:20:37.252265+10:00,SMH,10
2022-05-14 18:20:55.751317+10:00,ABC,20
2022-05-14 18:21:14.379807+10:00,SBS,12
2022-05-14 18:21:29.898339+10:00,The Guardian,11
2022-05-14 18:21:40.112818+10:00,News,0
2022-05-14 18:21:41.953558+10:00,SMH,10
2022-05-15 06:17:29.510141+10:00,ABC,20
2022-05-15 06:17:52.055960+10:00,SBS,12
2022-05-15 06:18:06.965493+10:00,The Guardian,10
2022-05-15 06:18:16.048252+10:00,News,0
2022-05-15 06:18:17.721894+10:00,SMH,10
2022-05-15 18:20:31.519241+10:00,ABC,20
2022-05-15 18:20:48.931428+10:00,SBS,12
2022-05-15 18:21:02.580772+10:00,The Guardian,10
2022-05-15 18:21:10.681246+10:00,News,0
2022-05-15 18:21:12.589060+10:00,SMH,10
2022-05-16 06:18:19.734594+10:00,ABC,20
2022-05-16 06:18:38.954799+10:00,SBS,12
2022-05-16 06:18:52.791441+10:00,The Guardian,11
2022-05-16 06:19:02.861782+10:00,News,0
2022-05-16 06:19:04.897829+10:00,SMH,8
2022-05-16 18:24:20.963345+10:00,SBS,12
2022-05-16 18:24:38.425986+10:00,News,0
2022-05-16 18:24:40.158914+10:00,SMH,10
2022-05-17 06:19:56.308110+10:00,ABC,20
2022-05-17 06:20:19.426737+10:00,SBS,12
2022-05-17 06:20:36.456838+10:00,News,0
2022-05-17 06:20:43.361976+10:00,SMH,7
2022-05-17 18:22:48.174452+10:00,ABC,20
2022-05-17 18:23:10.582422+10:00,SBS,12
2022-05-17 18:23:25.746910+10:00,News,0
2022-05-17 18:23:27.482397+10:00,SMH,10
2022-05-18 06:18:22.639583+10:00,ABC,20
2022-05-18 06:18:45.738324+10:00,SBS,12
2022-05-18 06:19:03.028784+10:00,News,0
2022-05-18 06:19:04.635618+10:00,SMH,8
2022-05-18 18:21:17.337720+10:00,ABC,20
2022-05-18 18:21:50.630732+10:00,News,0
2022-05-18 18:21:52.372736+10:00,SMH,9
2022-05-19 06:18:31.494677+10:00,ABC,20
2022-05-19 06:18:51.467716+10:00,SBS,12
2022-05-19 06:19:07.791989+10:00,News,0
2022-05-19 06:19:09.614777+10:00,SMH,10
2022-05-19 18:22:44.149903+10:00,ABC,20
2022-05-19 18:23:02.791833+10:00,SBS,12
2022-05-19 18:23:19.261288+10:00,News,0
2022-05-19 18:23:21.069302+10:00,SMH,8
2022-05-20 06:18:43.061013+10:00,SBS,12
2022-05-20 06:19:03.727552+10:00,News,0
2022-05-20 06:19:05.534986+10:00,SMH,8
2022-05-20 18:22:18.280511+10:00,News,0
2022-05-20 18:22:20.067557+10:00,SMH,8
2022-05-21 06:18:33.128934+10:00,ABC,20
2022-05-21 06:18:58.738437+10:00,News,0
2022-05-21 06:19:00.603377+10:00,SMH,10
2022-05-21 18:21:12.835321+10:00,ABC,20
2022-05-21 18:21:46.295937+10:00,News,0
2022-05-21 18:21:48.163697+10:00,SMH,5
2022-05-22 06:18:04.725663+10:00,ABC,20
2022-05-22 06:18:23.600107+10:00,SBS,12
2022-05-22 06:18:40.030901+10:00,News,0
2022-05-22 06:18:41.770828+10:00,SMH,10
2022-05-22 18:20:21.734750+10:00,ABC,20
2022-05-22 18:20:47.426523+10:00,News,0
2022-05-22 18:20:49.202151+10:00,SMH,8
2022-05-23 06:17:49.660203+10:00,ABC,20
2022-05-23 06:18:16.775272+10:00,News,0
2022-05-23 06:18:18.874929+10:00,SMH,9
2022-05-23 18:23:14.896100+10:00,ABC,20
2022-05-23 18:23:43.429745+10:00,News,0
2022-05-23 18:23:45.507341+10:00,SMH,8
2022-05-24 06:18:47.393329+10:00,ABC,20
2022-05-24 06:19:23.181755+10:00,News,0
2022-05-24 06:19:24.991759+10:00,SMH,8
2022-05-24 18:22:26.730129+10:00,ABC,20
2022-05-24 18:22:49.168387+10:00,SBS,12
2022-05-24 18:23:08.623524+10:00,News,0
2022-05-24 18:23:10.572514+10:00,SMH,9
2022-05-25 06:19:45.317378+10:00,ABC,20
2022-05-25 06:20:04.548751+10:00,SBS,12
2022-05-25 06:20:27.810276+10:00,News,0
2022-05-25 06:20:29.857550+10:00,SMH,10
2022-05-25 18:22:06.896071+10:00,ABC,20
2022-05-25 18:22:28.029168+10:00,SBS,12
2022-05-25 18:22:45.791528+10:00,News,0
2022-05-25 18:22:47.619892+10:00,SMH,8
2022-05-26 06:18:51.965657+10:00,ABC,20
2022-05-26 06:19:07.548557+10:00,SBS,12
2022-05-26 06:19:24.369385+10:00,News,0
2022-05-26 06:19:26.110603+10:00,SMH,9
2022-05-26 18:23:32.570692+10:00,ABC,20
2022-05-26 18:23:59.897328+10:00,SBS,12
2022-05-26 18:24:16.757789+10:00,News,0
2022-05-26 18:24:18.549356+10:00,SMH,8
2022-05-27 06:19:22.921492+10:00,ABC,20
2022-05-27 06:19:49.890998+10:00,News,0
2022-05-27 06:19:51.775585+10:00,SMH,8
2022-05-27 18:21:54.846769+10:00,ABC,20
2022-05-27 18:22:26.235087+10:00,News,0
2022-05-27 18:22:28.276662+10:00,SMH,9
2022-05-28 06:18:47.239901+10:00,ABC,20
2022-05-28 06:19:22.137522+10:00,News,0
2022-05-28 06:19:24.153191+10:00,SMH,10
2022-05-28 18:22:26.389322+10:00,ABC,20
2022-05-28 18:23:07.722418+10:00,News,0
2022-05-28 18:23:10.069553+10:00,SMH,8
2022-05-29 06:18:00.510883+10:00,ABC,20
2022-05-29 06:18:30.050827+10:00,News,0
2022-05-29 06:18:31.955303+10:00,SMH,10
2022-05-29 18:20:57.131440+10:00,ABC,20
2022-05-29 18:21:17.509055+10:00,SBS,12
2022-05-29 18:21:34.372350+10:00,News,0
2022-05-29 18:21:36.117121+10:00,SMH,9
2022-05-30 06:18:32.680140+10:00,ABC,20
2022-05-30 06:18:51.552701+10:00,SBS,12
2022-05-30 06:19:11.027617+10:00,News,0
2022-05-30 06:19:13.004407+10:00,SMH,9
2022-05-30 18:24:07.427769+10:00,ABC,20
2022-05-30 18:24:32.499599+10:00,SBS,12
2022-05-30 18:24:45.622281+10:00,News,0
2022-05-30 18:24:47.426699+10:00,SMH,7
2022-05-31 06:18:45.163794+10:00,ABC,20
2022-05-31 06:19:07.605734+10:00,SBS,12
2022-05-31 06:19:28.574145+10:00,News,0
2022-05-31 06:19:30.443423+10:00,SMH,10
2022-05-31 18:25:43.128399+10:00,ABC,20
2022-05-31 18:26:12.139810+10:00,News,0
2022-05-31 18:26:14.144431+10:00,SMH,7
2022-06-01 06:19:56.577235+10:00,ABC,20
2022-06-01 06:20:25.530524+10:00,News,0
2022-06-01 06:20:27.483329+10:00,SMH,8
2022-06-01 18:25:56.582054+10:00,ABC,20
2022-06-01 18:26:17.239242+10:00,SBS,12
2022-06-01 18:26:36.245057+10:00,News,0
2022-06-01 18:26:38.125713+10:00,SMH,10
2022-06-02 06:19:37.266675+10:00,ABC,20
2022-06-02 06:19:57.846201+10:00,SBS,12
2022-06-02 06:20:15.756471+10:00,News,0
2022-06-02 06:20:17.510525+10:00,SMH,10
2022-06-02 18:22:47.185263+10:00,ABC,20
2022-06-02 18:23:05.762992+10:00,SBS,12
2022-06-02 18:23:24.044935+10:00,News,0
2022-06-02 18:23:25.925516+10:00,SMH,10
2022-06-03 06:17:48.692929+10:00,ABC,20
2022-06-03 06:18:11.980180+10:00,SBS,12
2022-06-03 06:18:30.944125+10:00,News,0
2022-06-03 06:18:32.818784+10:00,SMH,8
2022-06-03 18:19:43.637239+10:00,ABC,20
2022-06-03 18:20:12.992347+10:00,News,0
2022-06-03 18:20:14.891257+10:00,SMH,9
2022-06-04 06:17:24.316679+10:00,ABC,20
2022-06-04 06:18:04.144986+10:00,News,0
2022-06-04 06:18:05.957993+10:00,SMH,10
2022-06-04 18:19:08.513400+10:00,ABC,20
2022-06-04 18:19:27.144454+10:00,SBS,12
2022-06-04 18:19:42.183453+10:00,News,0
2022-06-04 18:19:43.827345+10:00,SMH,9
2022-06-05 06:16:12.510077+10:00,ABC,20
2022-06-05 06:16:27.501772+10:00,SBS,12
2022-06-05 06:16:47.000006+10:00,News,0
2022-06-05 06:16:48.711307+10:00,SMH,10
2022-06-05 18:19:21.532793+10:00,ABC,20
2022-06-05 18:19:41.995859+10:00,SBS,12
2022-06-05 18:19:58.445917+10:00,News,0
2022-06-05 18:20:00.258349+10:00,SMH,8
2022-06-06 06:16:17.543084+10:00,ABC,20
2022-06-06 06:16:38.918738+10:00,SBS,12
2022-06-06 06:16:56.022334+10:00,News,0
2022-06-06 06:16:57.996936+10:00,SMH,9
2022-06-06 18:19:13.681372+10:00,ABC,20
2022-06-06 18:19:40.554700+10:00,News,0
2022-06-06 18:19:42.418984+10:00,SMH,8
2022-06-07 06:16:49.605688+10:00,ABC,20
2022-06-07 06:17:19.771835+10:00,News,0
2022-06-07 06:17:21.682211+10:00,SMH,9
2022-06-07 18:21:46.759171+10:00,ABC,20
2022-06-07 18:22:13.244001+10:00,News,0
2022-06-07 18:22:15.100819+10:00,SMH,8
2022-06-08 06:18:12.759721+10:00,ABC,20
2022-06-08 06:18:48.580298+10:00,News,0
2022-06-08 06:18:50.565229+10:00,SMH,7
2022-06-08 18:23:17.557865+10:00,ABC,20
2022-06-08 18:23:43.591462+10:00,News,0
2022-06-08 18:23:45.609670+10:00,SMH,8
2022-06-09 06:17:15.011040+10:00,ABC,20
2022-06-09 06:17:45.908266+10:00,News,0
2022-06-09 06:17:47.633130+10:00,SMH,8
2022-06-09 18:23:30.592789+10:00,ABC,20
2022-06-09 18:23:50.503239+10:00,SBS,12
2022-06-09 18:24:08.290477+10:00,News,0
2022-06-09 18:24:10.112550+10:00,SMH,7
2022-06-10 06:17:56.436569+10:00,ABC,20
2022-06-10 06:18:20.070107+10:00,SBS,12
2022-06-10 06:18:45.476728+10:00,News,0
2022-06-10 06:18:47.630710+10:00,SMH,7
2022-06-10 18:23:03.852686+10:00,SBS,12
2022-06-10 18:23:20.307699+10:00,News,0
2022-06-10 18:23:22.255187+10:00,SMH,6
2022-06-11 06:16:16.326019+10:00,ABC,20
2022-06-11 06:16:37.560691+10:00,SBS,12
2022-06-11 06:16:54.743657+10:00,News,0
2022-06-11 06:16:56.618636+10:00,SMH,10
2022-06-11 18:19:12.976352+10:00,ABC,20
2022-06-11 18:19:34.468028+10:00,SBS,12
2022-06-11 18:19:51.828296+10:00,News,0
2022-06-11 18:19:53.581017+10:00,SMH,9
2022-06-12 06:16:31.573824+10:00,ABC,20
2022-06-12 06:16:55.928944+10:00,SBS,12
2022-06-12 06:17:17.522238+10:00,News,0
2022-06-12 06:17:19.364879+10:00,SMH,10
2022-06-12 18:19:13.205154+10:00,SBS,12
2022-06-12 18:19:30.652769+10:00,News,0
2022-06-12 18:19:32.549377+10:00,SMH,8
2022-06-13 06:17:34.762816+10:00,ABC,20
2022-06-13 06:17:53.193733+10:00,SBS,12
2022-06-13 06:18:11.111248+10:00,News,0
2022-06-13 06:18:13.067904+10:00,SMH,8
2022-06-14 06:18:45.168037+10:00,ABC,20
2022-06-14 06:19:03.024402+10:00,SBS,12
2022-06-14 06:19:23.597248+10:00,News,0
2022-06-14 06:19:25.574363+10:00,SMH,7
2022-06-14 18:21:59.820342+10:00,ABC,20
2022-06-14 18:22:27.754072+10:00,News,0
2022-06-14 18:22:29.466132+10:00,SMH,7
2022-06-15 06:17:12.182363+10:00,ABC,20
2022-06-15 06:17:49.707817+10:00,News,0
2022-06-15 06:17:51.438616+10:00,SMH,7
2022-06-15 18:23:07.325742+10:00,ABC,20
2022-06-15 18:23:26.789974+10:00,SBS,12
2022-06-15 18:23:45.124601+10:00,News,0
2022-06-15 18:23:46.977174+10:00,SMH,10
2022-06-16 06:17:37.458028+10:00,ABC,20
2022-06-16 06:17:58.329521+10:00,SBS,12
2022-06-16 06:18:21.125108+10:00,News,0
2022-06-16 06:18:22.792645+10:00,SMH,9
2022-06-16 18:24:10.729713+10:00,ABC,20
2022-06-16 18:24:31.581040+10:00,SBS,12
2022-06-16 18:24:55.850748+10:00,News,0
2022-06-16 18:24:57.658110+10:00,SMH,8
2022-06-17 06:17:21.895005+10:00,ABC,20
2022-06-17 06:17:43.939153+10:00,SBS,12
2022-06-17 06:18:09.060701+10:00,News,0
2022-06-17 06:18:11.041630+10:00,SMH,8
2022-06-17 18:22:19.627127+10:00,ABC,20
2022-06-17 18:22:51.049920+10:00,News,0
2022-06-17 18:22:52.725572+10:00,SMH,7
2022-06-18 06:16:06.121924+10:00,ABC,20
2022-06-18 06:16:44.523977+10:00,News,0
2022-06-18 06:16:46.562905+10:00,SMH,10
2022-06-18 18:20:02.266729+10:00,ABC,20
2022-06-18 18:20:34.205099+10:00,News,0
2022-06-18 18:20:36.119693+10:00,SMH,9
2022-06-19 06:16:16.795522+10:00,ABC,20
2022-06-19 06:16:50.739511+10:00,News,0
2022-06-19 06:16:52.560706+10:00,SMH,10
2022-06-19 18:19:08.043030+10:00,ABC,20
2022-06-19 18:19:28.381893+10:00,SBS,12
2022-06-19 18:19:46.312737+10:00,News,0
2022-06-19 18:19:48.047256+10:00,SMH,7
2022-06-20 06:17:18.654121+10:00,ABC,20
2022-06-20 06:17:37.972701+10:00,SBS,12
2022-06-20 06:17:55.974304+10:00,News,0
2022-06-20 06:17:57.778981+10:00,SMH,7
2022-06-20 18:23:53.088514+10:00,ABC,20
2022-06-20 18:24:15.370008+10:00,SBS,12
2022-06-20 18:24:35.984624+10:00,News,0
2022-06-20 18:24:37.784063+10:00,SMH,7
2022-06-21 06:18:50.543002+10:00,ABC,20
2022-06-21 06:19:13.848331+10:00,SBS,12
2022-06-21 06:19:32.754972+10:00,News,0
2022-06-21 06:19:34.553763+10:00,SMH,5
2022-06-21 18:25:53.328649+10:00,ABC,20
2022-06-21 18:26:22.905896+10:00,News,0
2022-06-21 18:26:24.610621+10:00,SMH,7
2022-06-22 06:17:41.066300+10:00,ABC,20
2022-06-22 06:18:14.352549+10:00,News,0
2022-06-22 06:18:16.476580+10:00,SMH,8
2022-06-22 18:24:46.909125+10:00,SBS,12
2022-06-22 18:25:02.197688+10:00,News,0
2022-06-22 18:25:03.846661+10:00,SMH,5
2022-06-23 06:17:10.402787+10:00,ABC,20
2022-06-23 06:17:32.782189+10:00,SBS,12
2022-06-23 06:17:49.982587+10:00,News,0
2022-06-23 06:17:51.801239+10:00,SMH,9
2022-06-23 18:23:26.996398+10:00,ABC,20
2022-06-23 18:23:45.818284+10:00,SBS,12
2022-06-23 18:24:05.300723+10:00,News,0
2022-06-23 18:24:07.098988+10:00,SMH,9
2022-06-24 06:17:59.332284+10:00,ABC,20
2022-06-24 06:18:18.468362+10:00,SBS,12
2022-06-24 06:18:40.065961+10:00,News,0
2022-06-24 06:18:42.033079+10:00,SMH,9
2022-06-24 18:21:45.926016+10:00,ABC,20
2022-06-24 18:22:07.133546+10:00,SBS,12
2022-06-24 18:22:32.507809+10:00,News,0
2022-06-24 18:22:34.421207+10:00,SMH,6
2022-06-25 06:17:16.127044+10:00,ABC,20
2022-06-25 06:17:37.346677+10:00,SBS,12
2022-06-25 06:18:01.513236+10:00,News,0
2022-06-25 06:18:03.238154+10:00,SMH,10
2022-06-25 18:19:47.196469+10:00,ABC,20
2022-06-25 18:20:07.842022+10:00,SBS,12
2022-06-25 18:20:23.921786+10:00,News,0
2022-06-25 18:20:25.803357+10:00,SMH,9
2022-06-26 06:17:24.619554+10:00,ABC,20
2022-06-26 06:17:46.713538+10:00,SBS,12
2022-06-26 06:18:04.283935+10:00,News,0
2022-06-26 06:18:06.077916+10:00,SMH,10
2022-06-26 18:19:02.450968+10:00,ABC,20
2022-06-26 18:19:24.984361+10:00,SBS,12
2022-06-26 18:19:41.784609+10:00,News,0
2022-06-26 18:19:43.489223+10:00,SMH,9
2022-06-27 06:16:21.529711+10:00,ABC,20
2022-06-27 06:16:38.457009+10:00,SBS,12
2022-06-27 06:16:54.624050+10:00,News,0
2022-06-27 06:16:56.406797+10:00,SMH,7
2022-06-27 18:23:36.496112+10:00,ABC,20
2022-06-27 18:23:56.612622+10:00,SBS,12
2022-06-27 18:24:11.929254+10:00,News,0
2022-06-27 18:24:13.833929+10:00,SMH,8
2022-06-28 06:17:18.501559+10:00,ABC,20
2022-06-28 06:17:41.764181+10:00,SBS,12
2022-06-28 06:18:01.793390+10:00,News,0
2022-06-28 06:18:03.471372+10:00,SMH,8
2022-06-28 18:23:42.041957+10:00,ABC,20
2022-06-28 18:24:00.471816+10:00,SBS,12
2022-06-28 18:24:16.150221+10:00,News,0
2022-06-28 18:24:17.872502+10:00,SMH,7
2022-06-29 06:18:47.097754+10:00,ABC,20
2022-06-29 06:19:04.479774+10:00,SBS,12
2022-06-29 06:19:18.453033+10:00,News,0
2022-06-29 06:19:20.260316+10:00,SMH,8
2022-06-29 18:24:09.490941+10:00,ABC,20
2022-06-29 18:24:30.120492+10:00,SBS,12
2022-06-29 18:24:47.564727+10:00,News,0
2022-06-29 18:24:49.328151+10:00,SMH,8
2022-06-30 06:18:54.641047+10:00,ABC,20
2022-06-30 06:19:15.713854+10:00,SBS,12
2022-06-30 06:19:34.060635+10:00,News,0
2022-06-30 06:19:35.772552+10:00,SMH,7
2022-06-30 18:24:03.541276+10:00,ABC,20
2022-06-30 18:24:25.101599+10:00,SBS,12
2022-06-30 18:24:45.931972+10:00,News,0
2022-06-30 18:24:47.859367+10:00,SMH,5
2022-07-01 06:18:09.875574+10:00,ABC,20
2022-07-01 06:18:30.630243+10:00,SBS,12
2022-07-01 06:18:48.129861+10:00,News,0
2022-07-01 06:18:49.831993+10:00,SMH,7
2022-07-01 18:22:34.652194+10:00,ABC,20
2022-07-01 18:22:56.846881+10:00,News,0
2022-07-01 18:22:58.788754+10:00,SMH,5
2022-07-02 06:18:42.981340+10:00,ABC,20
2022-07-02 06:19:05.121427+10:00,SBS,12
2022-07-02 06:19:25.546663+10:00,News,0
2022-07-02 06:19:27.443153+10:00,SMH,10
2022-07-02 18:19:45.225718+10:00,ABC,20
2022-07-02 18:20:13.232241+10:00,News,0
2022-07-02 18:20:14.878621+10:00,SMH,6
2022-07-03 06:17:12.166947+10:00,ABC,20
2022-07-03 06:17:39.160266+10:00,News,0
2022-07-03 06:17:40.794449+10:00,SMH,10
2022-07-03 18:18:55.039612+10:00,ABC,20
2022-07-03 18:19:25.671922+10:00,News,0
2022-07-03 18:19:27.385499+10:00,SMH,9
2022-07-04 06:16:24.775892+10:00,ABC,20
2022-07-04 06:16:55.012076+10:00,News,0
2022-07-04 06:16:56.789655+10:00,SMH,9
2022-07-04 18:21:42.735944+10:00,ABC,20
2022-07-04 18:22:02.769067+10:00,SBS,12
2022-07-04 18:22:20.733834+10:00,News,0
2022-07-04 18:22:22.548693+10:00,SMH,9
2022-07-05 06:16:58.722417+10:00,ABC,20
2022-07-05 06:17:21.223763+10:00,SBS,12
2022-07-05 06:17:42.262288+10:00,News,0
2022-07-05 06:17:44.178411+10:00,SMH,8
2022-07-05 18:20:50.491826+10:00,ABC,20
2022-07-05 18:21:18.170536+10:00,News,0
2022-07-05 18:21:19.991264+10:00,SMH,8
2022-07-06 06:17:55.735033+10:00,ABC,20
2022-07-06 06:18:28.997512+10:00,News,0
2022-07-06 06:18:30.736231+10:00,SMH,9
2022-07-06 18:21:16.471759+10:00,ABC,20
2022-07-06 18:21:47.163977+10:00,News,0
2022-07-06 18:21:48.996002+10:00,SMH,7
2022-07-07 06:17:33.428188+10:00,ABC,20
2022-07-07 06:18:08.961167+10:00,News,0
2022-07-07 06:18:10.753573+10:00,SMH,9
2022-07-07 18:22:11.115641+10:00,ABC,20
2022-07-07 18:22:43.905893+10:00,News,0
2022-07-07 18:22:45.672828+10:00,SMH,7
2022-07-08 06:17:58.252709+10:00,ABC,20
2022-07-08 06:18:32.046042+10:00,News,0
2022-07-08 06:18:33.730488+10:00,SMH,10
2022-07-08 18:23:39.207846+10:00,ABC,20
2022-07-08 18:23:57.402329+10:00,SBS,12
2022-07-08 18:24:13.252904+10:00,News,0
2022-07-08 18:24:15.167200+10:00,SMH,7
2022-07-09 06:19:34.096219+10:00,ABC,20
2022-07-09 06:19:52.181628+10:00,SBS,12
2022-07-09 06:20:10.687465+10:00,News,0
2022-07-09 06:20:12.490119+10:00,SMH,10
2022-07-09 18:19:57.095763+10:00,ABC,20
2022-07-09 18:20:34.508440+10:00,News,0
2022-07-09 18:20:36.179179+10:00,SMH,8
2022-07-10 06:16:21.471097+10:00,ABC,20
2022-07-10 06:16:39.596683+10:00,SBS,12
2022-07-10 06:16:54.727010+10:00,News,0
2022-07-10 06:16:56.453880+10:00,SMH,10
2022-07-10 18:19:23.083837+10:00,ABC,20
2022-07-10 18:19:46.429627+10:00,SBS,12
2022-07-10 18:20:05.418430+10:00,News,0
2022-07-10 18:20:07.161573+10:00,SMH,10
2022-07-11 06:16:34.687144+10:00,ABC,20
2022-07-11 06:16:55.315999+10:00,SBS,12
2022-07-11 06:17:13.892526+10:00,News,0
2022-07-11 06:17:15.607455+10:00,SMH,9
2022-07-11 18:22:12.476076+10:00,ABC,20
2022-07-11 18:22:34.211911+10:00,SBS,12
2022-07-11 18:22:51.511081+10:00,News,0
2022-07-11 18:22:53.180026+10:00,SMH,10
2022-07-12 06:18:33.496972+10:00,ABC,20
2022-07-12 06:18:58.094832+10:00,News,0
2022-07-12 06:18:59.746535+10:00,SMH,8
2022-07-12 18:22:51.759536+10:00,ABC,20
2022-07-12 18:23:15.645521+10:00,SBS,12
2022-07-12 18:23:31.414511+10:00,News,0
2022-07-12 18:23:33.030064+10:00,SMH,7
2022-07-13 06:18:11.420998+10:00,ABC,20
2022-07-13 06:18:34.130614+10:00,SBS,12
2022-07-13 06:18:53.421670+10:00,News,0
2022-07-13 06:18:55.282072+10:00,SMH,9
2022-07-13 18:21:57.227359+10:00,ABC,20
2022-07-13 18:22:13.404892+10:00,SBS,12
2022-07-13 18:22:31.231596+10:00,News,0
2022-07-13 18:22:32.999394+10:00,SMH,7
2022-07-14 06:18:33.853494+10:00,ABC,20
2022-07-14 06:18:54.107592+10:00,SBS,12
2022-07-14 06:19:13.054556+10:00,News,0
2022-07-14 06:19:14.866019+10:00,SMH,7
2022-07-14 18:21:27.404105+10:00,ABC,20
2022-07-14 18:21:58.643272+10:00,News,0
2022-07-14 18:22:00.494677+10:00,SMH,8
2022-07-15 06:18:23.998440+10:00,ABC,20
2022-07-15 06:18:55.918140+10:00,News,0
2022-07-15 06:18:57.679195+10:00,SMH,8
2022-07-15 18:21:49.835304+10:00,ABC,20
2022-07-15 18:22:11.090343+10:00,SBS,12
2022-07-15 18:22:31.498179+10:00,News,0
2022-07-15 18:22:33.538370+10:00,SMH,8
2022-07-16 06:17:56.289852+10:00,ABC,20
2022-07-16 06:18:18.755371+10:00,SBS,12
2022-07-16 06:18:36.215770+10:00,News,0
2022-07-16 06:18:37.864708+10:00,SMH,10
2022-07-16 18:20:01.495288+10:00,ABC,20
2022-07-16 18:20:22.857415+10:00,SBS,12
2022-07-16 18:20:40.830469+10:00,News,0
2022-07-16 18:20:42.549733+10:00,SMH,8
2022-07-17 06:16:42.701318+10:00,ABC,20
2022-07-17 06:17:04.035132+10:00,SBS,12
2022-07-17 06:17:23.057233+10:00,News,0
2022-07-17 06:17:24.855597+10:00,SMH,10
2022-07-17 18:19:11.127455+10:00,ABC,20
2022-07-17 18:19:33.676427+10:00,SBS,12
2022-07-17 18:19:50.565951+10:00,News,0
2022-07-17 18:19:52.411294+10:00,SMH,9
2022-07-18 06:16:54.019676+10:00,ABC,20
2022-07-18 06:17:18.173295+10:00,SBS,12
2022-07-18 06:17:37.156572+10:00,News,0
2022-07-18 06:17:38.941444+10:00,SMH,8
2022-07-18 18:22:43.508413+10:00,ABC,20
2022-07-18 18:23:07.698264+10:00,SBS,12
2022-07-18 18:23:27.136733+10:00,News,0
2022-07-18 18:23:29.050837+10:00,SMH,7
2022-07-19 06:17:49.587729+10:00,ABC,20
2022-07-19 06:18:12.787717+10:00,SBS,12
2022-07-19 06:18:44.154530+10:00,News,0
2022-07-19 06:18:45.848007+10:00,SMH,9
2022-07-19 18:21:21.744238+10:00,ABC,20
2022-07-19 18:21:53.253810+10:00,News,0
2022-07-19 18:21:55.274179+10:00,SMH,5
2022-07-20 06:18:00.360245+10:00,ABC,20
2022-07-20 06:18:37.904722+10:00,News,0
2022-07-20 06:18:39.787115+10:00,SMH,8
2022-07-20 18:24:00.501475+10:00,ABC,20
2022-07-20 18:24:23.406949+10:00,SBS,12
2022-07-20 18:24:44.469191+10:00,News,0
2022-07-20 18:24:46.540072+10:00,SMH,9
2022-07-21 06:19:01.660381+10:00,ABC,20
2022-07-21 06:19:21.432144+10:00,SBS,12
2022-07-21 06:19:38.154834+10:00,News,0
2022-07-21 06:19:39.921026+10:00,SMH,8
2022-07-21 18:21:48.560908+10:00,ABC,20
2022-07-21 18:22:23.139234+10:00,News,0
2022-07-21 18:22:24.981209+10:00,SMH,8
2022-07-22 06:19:18.524228+10:00,ABC,20
2022-07-22 06:19:48.742714+10:00,News,0
2022-07-22 06:19:50.450949+10:00,SMH,9
2022-07-22 18:24:18.296231+10:00,News,0
2022-07-22 18:24:20.127645+10:00,SMH,10
2022-07-23 06:18:26.654724+10:00,ABC,20
2022-07-23 06:19:08.448024+10:00,News,0
2022-07-23 06:19:10.245951+10:00,SMH,10
2022-07-23 18:21:29.306997+10:00,ABC,20
2022-07-23 18:21:49.469737+10:00,SBS,12
2022-07-23 18:22:06.504411+10:00,News,0
2022-07-23 18:22:08.426011+10:00,SMH,10
2022-07-24 06:17:19.524932+10:00,ABC,20
2022-07-24 06:17:41.309613+10:00,SBS,12
2022-07-24 06:18:02.855459+10:00,News,0
2022-07-24 06:18:04.805815+10:00,SMH,10
2022-07-24 18:20:34.038819+10:00,SBS,12
2022-07-24 18:20:52.261635+10:00,News,0
2022-07-24 18:20:54.115229+10:00,SMH,10
2022-07-25 06:17:33.503401+10:00,ABC,20
2022-07-25 06:17:58.383735+10:00,SBS,12
2022-07-25 06:18:15.028630+10:00,News,0
2022-07-25 06:18:16.829991+10:00,SMH,10
2022-07-25 18:24:08.847764+10:00,SBS,12
2022-07-25 18:24:27.382120+10:00,News,10
2022-07-25 18:25:00.066412+10:00,SMH,9
2022-07-26 06:17:25.316070+10:00,ABC,20
2022-07-26 06:17:42.449451+10:00,SBS,12
2022-07-26 06:18:01.120363+10:00,News,0
2022-07-26 06:18:03.127880+10:00,SMH,7
2022-07-26 18:21:06.615505+10:00,ABC,20
2022-07-26 18:21:25.119732+10:00,SBS,12
2022-07-26 18:21:46.435930+10:00,News,0
2022-07-26 18:21:48.307400+10:00,SMH,10
2022-07-27 06:17:53.079095+10:00,ABC,20
2022-07-27 06:18:22.337041+10:00,News,0
2022-07-27 06:18:24.124813+10:00,SMH,8
2022-07-27 18:21:21.795917+10:00,ABC,20
2022-07-27 18:21:47.246632+10:00,News,0
2022-07-27 18:21:49.014527+10:00,SMH,8
2022-07-28 06:17:42.831094+10:00,ABC,20
2022-07-28 06:18:10.772685+10:00,News,0
2022-07-28 06:18:12.553952+10:00,SMH,8
2022-07-28 18:23:32.427295+10:00,ABC,20
2022-07-28 18:24:13.125629+10:00,News,0
2022-07-28 18:24:15.024333+10:00,SMH,5
2022-07-29 06:19:09.639528+10:00,ABC,20
2022-07-29 06:19:37.029547+10:00,News,0
2022-07-29 06:19:38.808080+10:00,SMH,8
2022-07-29 18:21:37.821424+10:00,ABC,20
2022-07-29 18:22:01.145298+10:00,News,0
2022-07-29 18:22:03.220857+10:00,SMH,8
2022-07-30 06:17:54.496749+10:00,ABC,20
2022-07-30 06:18:22.347714+10:00,News,0
2022-07-30 06:18:24.192971+10:00,SMH,10
2022-07-30 18:20:20.396874+10:00,ABC,20
2022-07-30 18:20:50.064756+10:00,News,0
2022-07-30 18:20:51.824536+10:00,SMH,5
2022-07-31 06:16:22.370800+10:00,ABC,20
2022-07-31 06:16:49.549037+10:00,News,0
2022-07-31 06:16:51.443692+10:00,SMH,10
2022-07-31 18:19:37.963787+10:00,ABC,20
2022-07-31 18:20:09.389634+10:00,News,0
2022-07-31 18:20:11.368089+10:00,SMH,9
2022-08-01 06:17:25.519382+10:00,ABC,20
2022-08-01 06:18:04.237788+10:00,News,0
2022-08-01 06:18:06.004980+10:00,SMH,7
2022-08-01 18:22:42.459348+10:00,ABC,20
2022-08-01 18:23:11.842923+10:00,News,0
2022-08-01 18:23:13.580174+10:00,SMH,6
2022-08-02 06:21:29.000823+10:00,ABC,20
2022-08-02 06:22:02.242061+10:00,News,0
2022-08-02 06:22:04.035537+10:00,SMH,8
2022-08-02 18:21:58.545829+10:00,ABC,20
2022-08-02 18:22:22.024396+10:00,SBS,12
2022-08-02 18:22:39.799024+10:00,News,0
2022-08-02 18:22:41.533946+10:00,SMH,6
2022-08-03 06:19:33.864529+10:00,ABC,20
2022-08-03 06:20:01.324389+10:00,News,0
2022-08-03 06:20:03.314116+10:00,SMH,9
2022-08-03 18:23:41.574340+10:00,ABC,20
2022-08-03 18:24:16.248871+10:00,News,0
2022-08-03 18:24:17.924322+10:00,SMH,5
2022-08-04 06:18:38.341685+10:00,ABC,20
2022-08-04 06:19:10.604971+10:00,News,0
2022-08-04 06:19:12.452995+10:00,SMH,8
2022-08-04 18:25:43.876774+10:00,ABC,20
2022-08-04 18:26:02.165717+10:00,SBS,12
2022-08-04 18:26:21.020877+10:00,News,0
2022-08-04 18:26:22.760318+10:00,SMH,5
2022-08-05 06:18:43.712061+10:00,ABC,20
2022-08-05 06:19:16.169638+10:00,News,0
2022-08-05 06:19:18.019629+10:00,SMH,9
2022-08-05 15:17:54.709798+10:00,ABC,20
2022-08-05 15:18:13.855538+10:00,SBS,12
2022-08-05 15:18:35.269560+10:00,News,0
2022-08-05 15:18:37.120200+10:00,SMH,10
2022-08-05 15:19:57.238944+10:00,ABC,20
2022-08-05 15:20:15.759784+10:00,SBS,12
2022-08-05 15:20:30.487623+10:00,News,0
2022-08-05 15:20:32.273847+10:00,SMH,10
2022-08-05 18:21:35.249098+10:00,ABC,20
2022-08-05 18:21:59.633310+10:00,News,0
2022-08-05 18:22:01.395257+10:00,SMH,6
2022-08-05 20:30:18.718467+10:00,ABC,20
2022-08-05 20:30:40.393258+10:00,News,0
2022-08-05 20:30:42.239474+10:00,SMH,7
2022-08-06 06:17:54.405488+10:00,ABC,20
2022-08-06 06:18:23.125361+10:00,News,0
2022-08-06 06:18:25.065387+10:00,SMH,10
2022-08-06 07:07:47.718758+10:00,ABC,20
2022-08-06 07:08:22.468411+10:00,News,0
2022-08-06 07:08:24.403001+10:00,SMH,10
2022-08-06 07:10:18.003475+10:00,ABC,20
2022-08-06 07:10:47.819135+10:00,News,0
2022-08-06 07:10:49.889074+10:00,SMH,10
2022-08-06 07:15:06.388574+10:00,ABC,20
2022-08-06 07:15:32.024716+10:00,News,0
2022-08-06 07:15:34.065696+10:00,SMH,10
2022-08-06 07:17:20.321164+10:00,ABC,20
2022-08-06 07:17:47.357351+10:00,News,0
2022-08-06 07:17:49.238505+10:00,SMH,10
2022-08-06 07:23:25.481112+10:00,ABC,20
2022-08-06 07:23:54.110971+10:00,News,0
2022-08-06 07:23:55.958502+10:00,SMH,10
2022-08-06 07:26:17.876163+10:00,ABC,20
2022-08-06 07:26:43.533982+10:00,News,0
2022-08-06 07:26:45.202662+10:00,SMH,9
2022-08-06 18:20:17.196442+10:00,ABC,20
2022-08-06 18:20:38.794256+10:00,SBS,12
2022-08-06 18:20:55.566585+10:00,News,0
2022-08-06 18:20:57.345827+10:00,SMH,9
2022-08-07 06:17:35.080307+10:00,SBS,12
2022-08-07 06:17:52.413548+10:00,News,0
2022-08-07 06:17:54.558394+10:00,SMH,10
2022-08-07 18:19:42.337826+10:00,ABC,20
2022-08-07 18:20:02.291473+10:00,SBS,12
2022-08-07 18:20:18.234511+10:00,News,0
2022-08-07 18:20:20.137395+10:00,SMH,10
2022-08-08 06:17:58.090879+10:00,ABC,20
2022-08-08 06:18:14.990033+10:00,SBS,12
2022-08-08 06:18:32.725382+10:00,News,0
2022-08-08 06:18:34.424403+10:00,SMH,7
2022-08-08 18:25:05.431950+10:00,ABC,20
2022-08-08 18:25:32.765349+10:00,News,0
2022-08-08 18:25:34.586185+10:00,SMH,8
2022-08-09 06:18:38.131703+10:00,ABC,20
2022-08-09 06:19:11.286634+10:00,News,0
2022-08-09 06:19:13.032413+10:00,SMH,9
2022-08-09 18:25:29.740186+10:00,ABC,20
2022-08-09 18:25:54.391689+10:00,SBS,12
2022-08-09 18:26:12.580455+10:00,News,0
2022-08-09 18:26:14.350520+10:00,SMH,10
2022-08-10 06:18:29.339248+10:00,ABC,20
2022-08-10 06:18:53.978014+10:00,SBS,12
2022-08-10 06:19:15.143482+10:00,News,0
2022-08-10 06:19:16.934350+10:00,SMH,9
2022-08-10 18:20:48.911125+10:00,ABC,20
2022-08-10 18:21:20.229879+10:00,News,0
2022-08-10 18:21:22.259960+10:00,SMH,8
2022-08-11 06:17:51.454529+10:00,ABC,20
2022-08-11 06:18:20.270662+10:00,News,0
2022-08-11 06:18:22.168178+10:00,SMH,8
2022-08-11 18:20:33.913095+10:00,ABC,20
2022-08-11 18:20:56.884990+10:00,SBS,12
2022-08-11 18:21:14.433858+10:00,News,0
2022-08-11 18:21:16.350510+10:00,SMH,8
2022-08-12 06:17:31.859494+10:00,ABC,20
2022-08-12 06:17:52.112822+10:00,SBS,12
2022-08-12 06:18:11.625969+10:00,News,0
2022-08-12 06:18:13.451355+10:00,SMH,8
2022-08-12 18:21:26.824262+10:00,ABC,20
2022-08-12 18:21:52.597584+10:00,News,0
2022-08-12 18:21:54.249789+10:00,SMH,8
2022-08-13 06:17:34.153362+10:00,ABC,20
2022-08-13 06:18:02.908166+10:00,News,0
2022-08-13 06:18:04.901921+10:00,SMH,10
2022-08-13 18:20:58.439183+10:00,ABC,20
2022-08-13 18:21:21.911043+10:00,SBS,12
2022-08-13 18:21:37.767702+10:00,News,0
2022-08-13 18:21:39.697204+10:00,SMH,8
2022-08-14 06:17:23.890885+10:00,ABC,20
2022-08-14 06:17:44.142305+10:00,SBS,12
2022-08-14 06:18:05.070146+10:00,News,0
2022-08-14 06:18:06.930116+10:00,SMH,10
2022-08-14 18:19:57.184254+10:00,ABC,20
2022-08-14 18:20:19.986134+10:00,SBS,12
2022-08-14 18:20:33.381142+10:00,News,0
2022-08-14 18:20:35.124528+10:00,SMH,9
2022-08-15 06:16:56.919079+10:00,ABC,20
2022-08-15 06:17:20.031860+10:00,SBS,12
2022-08-15 06:17:38.387398+10:00,News,0
2022-08-15 06:17:40.129345+10:00,SMH,7
2022-08-15 18:21:13.408237+10:00,ABC,20
2022-08-15 18:21:44.006388+10:00,News,0
2022-08-15 18:21:46.010246+10:00,SMH,8
2022-08-16 06:18:04.544239+10:00,ABC,20
2022-08-16 06:18:46.174948+10:00,News,0
2022-08-16 06:18:47.917510+10:00,SMH,7
2022-08-16 18:17:31.840365+10:00,ABC,20
2022-08-16 18:18:03.027024+10:00,News,0
2022-08-16 18:18:04.765054+10:00,SMH,6
2022-08-17 06:18:33.666779+10:00,ABC,20
2022-08-17 06:19:14.926619+10:00,News,0
2022-08-17 06:19:16.695601+10:00,SMH,6
2022-08-17 18:22:37.900632+10:00,ABC,20
2022-08-17 18:23:12.971640+10:00,News,0
2022-08-17 18:23:14.877611+10:00,SMH,8
2022-08-18 06:18:27.306101+10:00,ABC,20
2022-08-18 06:18:51.513773+10:00,News,0
2022-08-18 06:18:53.203879+10:00,SMH,8
2022-08-18 18:20:59.034226+10:00,ABC,20
2022-08-18 18:21:26.251671+10:00,SBS,12
2022-08-18 18:21:42.988072+10:00,News,0
2022-08-18 18:21:44.973723+10:00,SMH,8
2022-08-19 06:20:25.831862+10:00,ABC,20
2022-08-19 06:20:49.455117+10:00,SBS,12
2022-08-19 06:21:06.979420+10:00,News,0
2022-08-19 06:21:08.884864+10:00,SMH,9
2022-08-19 18:21:20.024735+10:00,ABC,20
2022-08-19 18:22:01.446436+10:00,News,0
2022-08-19 18:22:03.305258+10:00,SMH,8
2022-08-20 06:18:46.838329+10:00,ABC,20
2022-08-20 06:19:29.805077+10:00,News,0
2022-08-20 06:19:31.669571+10:00,SMH,10
2022-08-20 18:21:54.083908+10:00,ABC,20
2022-08-20 18:22:16.736082+10:00,SBS,12
2022-08-20 18:22:27.514135+10:00,News,0
2022-08-20 18:22:29.426535+10:00,SMH,8
2022-08-21 06:18:01.385921+10:00,ABC,20
2022-08-21 06:18:20.036855+10:00,SBS,12
2022-08-21 06:18:36.853684+10:00,News,0
2022-08-21 06:18:38.624913+10:00,SMH,10
2022-08-21 18:20:41.539941+10:00,ABC,20
2022-08-21 18:21:03.534606+10:00,SBS,12
2022-08-21 18:21:23.317117+10:00,News,0
2022-08-21 18:21:25.232284+10:00,SMH,7
2022-08-22 06:17:46.628198+10:00,ABC,20
2022-08-22 06:18:06.625653+10:00,SBS,12
2022-08-22 06:18:22.994698+10:00,News,0
2022-08-22 06:18:24.781704+10:00,SMH,7
2022-08-22 18:22:12.742359+10:00,ABC,20
2022-08-22 18:22:38.774618+10:00,News,0
2022-08-22 18:22:40.712487+10:00,SMH,8
2022-08-23 06:17:16.915738+10:00,ABC,20
2022-08-23 06:17:45.422112+10:00,News,0
2022-08-23 06:17:47.741703+10:00,SMH,8
2022-08-23 18:22:13.789717+10:00,ABC,20
2022-08-23 18:22:47.525105+10:00,News,0
2022-08-23 18:22:49.220759+10:00,SMH,8
2022-08-24 06:18:27.003177+10:00,ABC,20
2022-08-24 06:19:07.754473+10:00,News,0
2022-08-24 06:19:09.588307+10:00,SMH,8
2022-08-24 18:22:38.197568+10:00,ABC,20
2022-08-24 18:23:05.719047+10:00,News,0
2022-08-24 18:23:07.901332+10:00,SMH,6
2022-08-25 06:18:08.837309+10:00,ABC,20
2022-08-25 06:18:44.280697+10:00,News,0
2022-08-25 06:18:46.135081+10:00,SMH,7
2022-08-25 18:23:46.883108+10:00,ABC,20
2022-08-25 18:24:07.397748+10:00,SBS,12
2022-08-25 18:24:22.096954+10:00,News,0
2022-08-25 18:24:23.778401+10:00,SMH,10
2022-08-26 06:18:38.881695+10:00,ABC,20
2022-08-26 06:19:03.212691+10:00,SBS,12
2022-08-26 06:19:20.015439+10:00,News,0
2022-08-26 06:19:21.805876+10:00,SMH,9
2022-08-26 10:16:41.922673+10:00,News,10
2022-08-26 10:18:35.662478+10:00,ABC,20
2022-08-26 10:18:53.285482+10:00,SBS,12
2022-08-26 10:19:12.314934+10:00,News,0
2022-08-26 10:19:14.038487+10:00,SMH,9
2022-08-26 18:22:50.322922+10:00,ABC,20
2022-08-26 18:23:12.300019+10:00,News,0
2022-08-26 18:23:14.172846+10:00,SMH,9
2022-08-27 06:18:41.677375+10:00,ABC,20
2022-08-27 06:19:12.051167+10:00,News,0
2022-08-27 06:19:13.945768+10:00,SMH,10
2022-08-27 18:21:10.136925+10:00,ABC,20
2022-08-27 18:21:35.734251+10:00,SBS,12
2022-08-27 18:21:54.255723+10:00,News,0
2022-08-27 18:21:56.146486+10:00,SMH,9
2022-08-28 06:17:33.813904+10:00,ABC,20
2022-08-28 06:18:00.624021+10:00,SBS,12
2022-08-28 06:18:19.553306+10:00,News,0
2022-08-28 06:18:21.365065+10:00,SMH,10
2022-08-28 18:21:12.766449+10:00,ABC,20
2022-08-28 18:21:34.325396+10:00,SBS,12
2022-08-28 18:21:52.443717+10:00,News,0
2022-08-28 18:21:54.417751+10:00,SMH,9
2022-08-29 06:18:16.810273+10:00,ABC,20
2022-08-29 06:18:40.275932+10:00,SBS,12
2022-08-29 06:18:55.965756+10:00,News,0
2022-08-29 06:18:57.703962+10:00,SMH,8
2022-08-29 18:22:31.810254+10:00,ABC,20
2022-08-29 18:23:00.443210+10:00,News,0
2022-08-29 18:23:02.165458+10:00,SMH,6
2022-08-30 06:19:09.170892+10:00,ABC,20
2022-08-30 06:19:42.953764+10:00,News,0
2022-08-30 06:19:44.999267+10:00,SMH,7
2022-08-30 18:23:26.105113+10:00,ABC,20
2022-08-30 18:24:01.957179+10:00,News,0
2022-08-30 18:24:03.783726+10:00,SMH,9
2022-08-31 06:18:28.615496+10:00,ABC,20
2022-08-31 06:18:56.257364+10:00,SBS,12
2022-08-31 06:19:12.413278+10:00,News,0
2022-08-31 06:19:13.981498+10:00,SMH,8
2022-08-31 18:21:42.541765+10:00,ABC,20
2022-08-31 18:22:00.386621+10:00,SBS,12
2022-08-31 18:22:18.994927+10:00,News,0
2022-08-31 18:22:20.738296+10:00,SMH,7
2022-09-01 06:18:52.624171+10:00,ABC,20
2022-09-01 06:19:13.014797+10:00,SBS,12
2022-09-01 06:19:29.539947+10:00,News,0
2022-09-01 06:19:31.464160+10:00,SMH,8
2022-09-01 18:24:49.781242+10:00,ABC,20
2022-09-01 18:25:07.921172+10:00,SBS,12
2022-09-01 18:25:25.458635+10:00,News,0
2022-09-01 18:25:27.078077+10:00,SMH,10
2022-09-02 06:18:55.378211+10:00,ABC,20
2022-09-02 06:19:16.728439+10:00,SBS,12
2022-09-02 06:19:36.716197+10:00,News,0
2022-09-02 06:19:38.465657+10:00,SMH,8
2022-09-02 18:22:32.641396+10:00,ABC,20
2022-09-02 18:22:56.845490+10:00,SBS,12
2022-09-02 18:23:14.027974+10:00,News,0
2022-09-02 18:23:15.923491+10:00,SMH,9
2022-09-03 06:18:57.432959+10:00,ABC,20
2022-09-03 06:19:22.403361+10:00,SBS,12
2022-09-03 06:19:41.843829+10:00,News,0
2022-09-03 06:19:43.695931+10:00,SMH,10
2022-09-03 18:21:08.266783+10:00,ABC,20
2022-09-03 18:21:28.570754+10:00,SBS,12
2022-09-03 18:21:47.215589+10:00,News,0
2022-09-03 18:21:49.356617+10:00,SMH,9
2022-09-04 06:17:56.433987+10:00,ABC,20
2022-09-04 06:18:20.113014+10:00,SBS,12
2022-09-04 06:18:40.225686+10:00,News,0
2022-09-04 06:18:42.234634+10:00,SMH,10
2022-09-04 18:20:46.735225+10:00,ABC,20
2022-09-04 18:21:10.236742+10:00,SBS,12
2022-09-04 18:21:30.026490+10:00,News,0
2022-09-04 18:21:31.910803+10:00,SMH,6
2022-09-05 06:19:14.192651+10:00,ABC,20
2022-09-05 06:19:34.274656+10:00,SBS,12
2022-09-05 06:19:55.246488+10:00,News,0
2022-09-05 06:19:57.089479+10:00,SMH,10
2022-09-05 18:21:20.652268+10:00,ABC,20
2022-09-05 18:21:51.644247+10:00,News,0
2022-09-05 18:21:53.460240+10:00,SMH,8
2022-09-06 06:19:11.577487+10:00,ABC,20
2022-09-06 06:19:32.018846+10:00,News,0
2022-09-06 06:19:33.868066+10:00,SMH,7
2022-09-06 18:22:52.403717+10:00,ABC,20
2022-09-06 18:23:17.898819+10:00,SBS,12
2022-09-06 18:23:35.088064+10:00,News,0
2022-09-06 18:23:37.068941+10:00,SMH,5
2022-09-07 06:18:58.057820+10:00,ABC,20
2022-09-07 06:19:17.852203+10:00,News,0
2022-09-07 06:19:19.614808+10:00,SMH,7
2022-09-07 18:25:02.403060+10:00,ABC,20
2022-09-07 18:25:29.355587+10:00,SBS,12
2022-09-07 18:25:49.642994+10:00,News,0
2022-09-07 18:25:51.544341+10:00,SMH,6
2022-09-08 06:21:36.843829+10:00,ABC,20
2022-09-08 06:21:55.659776+10:00,SBS,12
2022-09-08 06:22:12.759152+10:00,News,0
2022-09-08 06:22:14.622581+10:00,SMH,7
2022-09-08 18:22:33.592793+10:00,ABC,20
2022-09-08 18:22:58.275419+10:00,News,0
2022-09-08 18:23:00.087998+10:00,SMH,8
2022-09-09 06:20:54.646899+10:00,ABC,20
2022-09-09 06:21:26.708797+10:00,News,0
2022-09-09 06:21:28.441591+10:00,SMH,9
2022-09-09 18:27:03.122813+10:00,ABC,20
2022-09-09 18:28:22.421598+10:00,News,0
2022-09-09 18:28:24.417689+10:00,SMH,9
2022-09-10 06:20:15.364406+10:00,ABC,20
2022-09-10 06:20:45.823287+10:00,News,0
2022-09-10 06:20:47.679588+10:00,SMH,10
2022-09-10 18:23:11.791152+10:00,ABC,20
2022-09-10 18:23:38.787167+10:00,News,0
2022-09-10 18:23:40.829630+10:00,SMH,7
2022-09-11 06:19:16.178591+10:00,News,0
2022-09-11 06:19:18.000138+10:00,SMH,10
2022-09-11 18:21:44.480585+10:00,ABC,20
2022-09-11 18:22:08.306465+10:00,News,0
2022-09-11 18:22:10.171083+10:00,SMH,9
2022-09-12 06:19:30.818798+10:00,ABC,20
2022-09-12 06:19:56.993188+10:00,News,0
2022-09-12 06:19:58.840704+10:00,SMH,10
2022-09-12 18:25:16.902154+10:00,ABC,20
2022-09-12 18:25:38.655785+10:00,News,0
2022-09-12 18:25:40.542284+10:00,SMH,7
2022-09-13 06:20:34.281799+10:00,ABC,20
2022-09-13 06:21:04.588165+10:00,News,0
2022-09-13 06:21:06.545773+10:00,SMH,10
2022-09-13 18:23:56.663913+10:00,ABC,20
2022-09-13 18:24:25.289408+10:00,News,0
2022-09-13 18:24:26.989027+10:00,SMH,8
2022-09-14 06:20:34.754637+10:00,ABC,20
2022-09-14 06:21:03.678267+10:00,News,0
2022-09-14 06:21:05.437921+10:00,SMH,10
2022-09-14 18:25:08.968311+10:00,ABC,20
2022-09-14 18:25:39.004702+10:00,News,0
2022-09-14 18:25:40.971814+10:00,SMH,9
2022-09-15 06:21:45.861963+10:00,ABC,20
2022-09-15 06:22:14.327876+10:00,News,0
2022-09-15 06:22:16.134563+10:00,SMH,9
2022-09-15 18:27:53.627084+10:00,ABC,20
2022-09-15 18:28:16.777088+10:00,News,0
2022-09-15 18:28:18.403929+10:00,SMH,7
2022-09-16 06:20:27.089341+10:00,ABC,20
2022-09-16 06:21:01.133025+10:00,News,0
2022-09-16 06:21:02.985859+10:00,SMH,9
2022-09-16 18:24:19.990659+10:00,ABC,20
2022-09-16 18:24:46.661890+10:00,News,0
2022-09-16 18:24:48.359302+10:00,SMH,9
2022-09-17 06:19:57.855971+10:00,ABC,20
2022-09-17 06:20:27.550824+10:00,News,0
2022-09-17 06:20:29.153428+10:00,SMH,10
2022-09-17 18:22:59.797400+10:00,ABC,20
2022-09-17 18:23:25.730537+10:00,News,0
2022-09-17 18:23:27.696446+10:00,SMH,10
2022-09-18 06:19:26.847098+10:00,ABC,20
2022-09-18 06:19:54.383188+10:00,News,0
2022-09-18 06:19:56.089186+10:00,SMH,10
2022-09-18 18:22:22.024369+10:00,ABC,20
2022-09-18 18:22:50.983652+10:00,News,0
2022-09-18 18:22:52.655985+10:00,SMH,9
2022-09-19 06:19:29.878600+10:00,ABC,20
2022-09-19 06:20:03.968907+10:00,News,0
2022-09-19 06:20:05.680137+10:00,SMH,9
2022-09-19 18:28:42.562764+10:00,ABC,20
2022-09-19 18:29:07.833196+10:00,News,0
2022-09-19 18:29:09.548230+10:00,SMH,9
2022-09-20 06:21:21.962198+10:00,ABC,20
2022-09-20 06:21:47.841440+10:00,News,0
2022-09-20 06:21:49.551796+10:00,SMH,9
2022-09-20 18:27:49.709694+10:00,ABC,20
2022-09-20 18:28:13.277243+10:00,News,0
2022-09-20 18:28:15.221773+10:00,SMH,8
2022-09-21 06:21:00.210528+10:00,News,0
2022-09-21 06:21:01.922672+10:00,SMH,10
2022-09-21 18:29:50.794565+10:00,ABC,20
2022-09-21 18:30:16.189585+10:00,News,0
2022-09-21 18:30:18.000947+10:00,SMH,6
2022-09-22 06:20:21.362433+10:00,ABC,20
2022-09-22 06:20:53.448596+10:00,News,0
2022-09-22 06:20:55.480322+10:00,SMH,8
2022-09-22 18:26:38.833973+10:00,ABC,20
2022-09-22 18:27:08.032826+10:00,News,0
2022-09-22 18:27:09.754257+10:00,SMH,5
2022-09-23 06:20:55.289481+10:00,ABC,20
2022-09-23 06:21:16.372673+10:00,News,0
2022-09-23 06:21:18.087735+10:00,SMH,9
2022-09-23 18:25:28.782006+10:00,ABC,20
2022-09-23 18:25:57.901417+10:00,News,0
2022-09-23 18:25:59.832040+10:00,SMH,7
2022-09-24 06:20:26.650547+10:00,ABC,20
2022-09-24 06:20:56.099365+10:00,News,0
2022-09-24 06:20:57.982490+10:00,SMH,10
2022-09-24 18:23:29.384287+10:00,ABC,20
2022-09-24 18:23:52.076858+10:00,News,0
2022-09-24 18:23:53.823322+10:00,SMH,9
2022-09-25 06:19:44.569572+10:00,ABC,20
2022-09-25 06:20:14.534019+10:00,News,0
2022-09-25 06:20:16.420717+10:00,SMH,10
2022-09-25 18:23:33.703473+10:00,ABC,20
2022-09-25 18:24:03.045168+10:00,News,0
2022-09-25 18:24:04.913277+10:00,SMH,9
2022-09-26 06:19:39.250478+10:00,ABC,20
2022-09-26 06:20:07.375716+10:00,News,0
2022-09-26 06:20:09.555536+10:00,SMH,8
2022-09-26 18:26:22.097514+10:00,ABC,20
2022-09-26 18:26:49.816968+10:00,News,0
2022-09-26 18:26:51.640552+10:00,SMH,6
2022-09-27 06:20:28.362945+10:00,ABC,20
2022-09-27 06:20:48.890665+10:00,News,0
2022-09-27 06:20:50.775280+10:00,SMH,7
2022-09-27 18:32:26.844538+10:00,ABC,20
2022-09-27 18:32:52.374982+10:00,News,0
2022-09-27 18:32:53.937205+10:00,SMH,6
2022-09-28 06:22:18.706591+10:00,ABC,20
2022-09-28 06:22:46.893841+10:00,News,0
2022-09-28 06:22:48.896946+10:00,SMH,8
2022-09-28 18:28:27.034104+10:00,ABC,20
2022-09-28 18:28:53.114570+10:00,News,0
2022-09-28 18:28:54.703593+10:00,SMH,8
2022-09-29 06:21:39.121911+10:00,ABC,20
2022-09-29 06:22:06.609650+10:00,News,0
2022-09-29 06:22:08.514369+10:00,SMH,8
2022-09-29 18:28:40.959530+10:00,News,0
2022-09-29 18:28:42.705143+10:00,SMH,7
2022-09-30 06:22:43.994998+10:00,ABC,20
2022-09-30 06:23:07.203308+10:00,News,0
2022-09-30 06:23:08.977644+10:00,SMH,7
2022-09-30 18:32:46.429388+10:00,ABC,20
2022-09-30 18:33:17.693613+10:00,News,0
2022-09-30 18:33:19.363754+10:00,SMH,8
2022-10-01 06:22:14.003629+10:00,ABC,20
2022-10-01 06:22:36.013875+10:00,News,0
2022-10-01 06:22:37.780729+10:00,SMH,10
2022-10-01 18:26:10.549506+10:00,ABC,20
2022-10-01 18:26:34.831186+10:00,News,0
2022-10-01 18:26:36.647753+10:00,SMH,9
2022-10-02 06:20:45.202172+10:00,ABC,20
2022-10-02 06:21:12.858886+10:00,News,0
2022-10-02 06:21:14.575217+10:00,SMH,10
2022-10-02 18:24:42.135229+10:00,ABC,20
2022-10-02 18:25:07.021236+10:00,News,0
2022-10-02 18:25:08.812714+10:00,SMH,7
2022-10-03 06:21:20.378411+10:00,ABC,20
2022-10-03 06:21:50.936262+10:00,News,0
2022-10-03 06:21:52.732279+10:00,SMH,6
2022-10-03 18:27:48.541191+10:00,ABC,20
2022-10-03 18:28:12.349075+10:00,News,0
2022-10-03 18:28:14.260021+10:00,SMH,6
2022-10-04 06:22:52.134023+10:00,ABC,20
2022-10-04 06:23:19.770116+10:00,News,0
2022-10-04 06:23:21.747985+10:00,SMH,8
2022-10-04 18:28:24.963877+10:00,ABC,20
2022-10-04 18:28:50.834367+10:00,News,0
2022-10-04 18:28:52.554170+10:00,SMH,6
2022-10-05 06:23:35.719027+10:00,ABC,20
2022-10-05 06:23:58.979356+10:00,News,0
2022-10-05 06:24:00.854249+10:00,SMH,7
2022-10-05 18:26:09.848551+10:00,News,0
2022-10-05 18:26:11.736376+10:00,SMH,7
2022-10-06 06:22:12.329559+10:00,ABC,20
2022-10-06 06:22:35.180615+10:00,News,0
2022-10-06 06:22:37.027102+10:00,SMH,9
2022-10-06 18:27:37.284708+10:00,ABC,20
2022-10-06 18:28:08.540540+10:00,News,0
2022-10-06 18:28:10.725815+10:00,SMH,7
2022-10-07 06:22:34.331153+10:00,ABC,20
2022-10-07 06:23:03.203869+10:00,News,0
2022-10-07 06:23:05.105775+10:00,SMH,9
2022-10-07 18:26:36.559512+10:00,ABC,20
2022-10-07 18:26:59.998414+10:00,News,0
2022-10-07 18:27:01.564663+10:00,SMH,6
2022-10-08 06:22:26.954513+10:00,ABC,20
2022-10-08 06:22:52.307495+10:00,News,0
2022-10-08 06:22:54.071272+10:00,SMH,7
2022-10-08 18:26:02.497436+10:00,ABC,20
2022-10-08 18:26:19.758291+10:00,News,0
2022-10-08 18:26:21.542988+10:00,SMH,6
2022-10-09 06:21:10.204837+10:00,ABC,20
2022-10-09 06:21:38.245966+10:00,News,0
2022-10-09 06:21:40.174134+10:00,SMH,10
2022-10-09 18:25:26.985626+10:00,ABC,20
2022-10-09 18:25:55.762062+10:00,News,0
2022-10-09 18:25:57.549824+10:00,SMH,8
2022-10-10 06:21:17.432465+10:00,ABC,20
2022-10-10 06:21:42.149731+10:00,News,0
2022-10-10 06:21:44.005668+10:00,SMH,9
2022-10-10 18:31:54.540604+10:00,ABC,20
2022-10-10 18:32:23.491927+10:00,News,0
2022-10-10 18:32:25.203026+10:00,SMH,8
2022-10-11 06:22:21.845040+10:00,ABC,20
2022-10-11 06:22:51.714850+10:00,News,0
2022-10-11 06:22:53.452496+10:00,SMH,7
2022-10-11 18:29:40.510058+10:00,ABC,20
2022-10-11 18:30:10.302288+10:00,News,0
2022-10-11 18:30:11.974218+10:00,SMH,5
2022-10-12 06:23:33.312168+10:00,ABC,20
2022-10-12 06:23:56.820875+10:00,News,0
2022-10-12 06:23:58.696525+10:00,SMH,7
2022-10-12 18:26:11.039597+10:00,ABC,20
2022-10-12 18:26:31.705022+10:00,News,0
2022-10-12 18:26:33.431382+10:00,SMH,6
2022-10-13 06:23:23.052863+10:00,ABC,20
2022-10-13 06:23:50.967378+10:00,News,0
2022-10-13 06:23:52.844966+10:00,SMH,8
2022-10-13 18:27:39.427236+10:00,ABC,20
2022-10-13 18:28:08.162358+10:00,News,0
2022-10-13 18:28:10.013681+10:00,SMH,6
2022-10-14 06:23:04.934599+10:00,ABC,20
2022-10-14 06:23:30.079328+10:00,News,0
2022-10-14 06:23:31.805295+10:00,SMH,9
2022-10-14 18:28:32.295739+10:00,ABC,20
2022-10-14 18:28:55.798571+10:00,News,0
2022-10-14 18:28:57.777669+10:00,SMH,7
2022-10-15 06:22:43.760507+10:00,ABC,20
2022-10-15 06:23:10.402639+10:00,News,0
2022-10-15 06:23:12.142791+10:00,SMH,10
2022-10-15 18:26:48.111857+10:00,ABC,20
2022-10-15 18:27:14.460377+10:00,News,0
2022-10-15 18:27:16.173618+10:00,SMH,7
2022-10-16 06:21:05.549504+10:00,ABC,20
2022-10-16 06:21:33.151518+10:00,News,0
2022-10-16 06:21:34.971039+10:00,SMH,10
2022-10-16 18:25:36.456815+10:00,ABC,20
2022-10-16 18:26:02.266760+10:00,News,0
2022-10-16 18:26:04.152988+10:00,SMH,6
2022-10-17 06:21:51.977525+10:00,ABC,20
2022-10-17 06:22:17.731380+10:00,News,0
2022-10-17 06:22:19.630246+10:00,SMH,7
2022-10-17 18:35:49.669544+10:00,ABC,20
2022-10-17 18:36:16.640397+10:00,News,0
2022-10-17 18:36:18.383719+10:00,SMH,6
2022-10-18 06:22:41.509545+10:00,ABC,20
2022-10-18 06:23:09.026777+10:00,News,0
2022-10-18 06:23:11.195546+10:00,SMH,8
2022-10-18 18:33:58.876471+10:00,ABC,20
2022-10-18 18:34:24.508055+10:00,News,0
2022-10-18 18:34:26.482839+10:00,SMH,8
2022-10-19 06:23:01.996309+10:00,ABC,20
2022-10-19 06:23:25.492030+10:00,News,0
2022-10-19 06:23:27.294885+10:00,SMH,9
2022-10-19 18:36:21.526872+10:00,ABC,20
2022-10-19 18:36:51.401358+10:00,News,0
2022-10-19 18:36:53.511534+10:00,SMH,8
2022-10-20 06:22:36.151885+10:00,ABC,20
2022-10-20 06:22:59.730423+10:00,News,0
2022-10-20 06:23:01.468692+10:00,SMH,8
2022-10-20 18:27:54.789786+10:00,ABC,20
2022-10-20 18:28:27.806479+10:00,News,0
2022-10-20 18:28:29.687717+10:00,SMH,6
2022-10-21 06:22:49.811777+10:00,ABC,20
2022-10-21 06:23:21.773700+10:00,News,0
2022-10-21 06:23:23.470030+10:00,SMH,8
2022-10-21 18:29:15.595989+10:00,ABC,20
2022-10-21 18:29:39.635573+10:00,News,0
2022-10-21 18:29:41.521204+10:00,SMH,7
2022-10-22 06:22:54.614686+10:00,ABC,20
2022-10-22 06:23:17.760652+10:00,News,0
2022-10-22 06:23:19.609658+10:00,SMH,9
2022-10-22 18:27:08.369141+10:00,ABC,20
2022-10-22 18:27:38.977870+10:00,News,0
2022-10-22 18:27:40.746852+10:00,SMH,7
2022-10-23 06:21:43.902417+10:00,ABC,20
2022-10-23 06:22:09.381085+10:00,News,0
2022-10-23 06:22:15.599748+10:00,SMH,10
2022-10-23 18:25:51.060820+10:00,ABC,20
2022-10-23 18:26:22.170392+10:00,News,0
2022-10-23 18:26:23.902547+10:00,SMH,6
2022-10-24 06:21:58.876104+10:00,ABC,20
2022-10-24 06:22:30.108601+10:00,News,0
2022-10-24 06:22:31.865098+10:00,SMH,6
2022-10-24 18:36:12.657504+10:00,ABC,20
2022-10-24 18:36:40.160521+10:00,News,0
2022-10-24 18:36:42.116896+10:00,SMH,10
2022-10-25 06:23:09.782985+10:00,ABC,20
2022-10-25 06:23:36.796790+10:00,News,0
2022-10-25 06:23:38.676080+10:00,SMH,8
2022-10-25 18:34:55.635934+10:00,ABC,20
2022-10-25 18:35:25.175808+10:00,News,0
2022-10-25 18:35:27.033617+10:00,SMH,6
2022-10-26 06:24:03.083675+10:00,ABC,20
2022-10-26 06:24:30.104690+10:00,News,0
2022-10-26 06:24:31.974753+10:00,SMH,8
2022-10-26 18:23:39.117108+10:00,ABC,20
2022-10-26 18:24:00.811211+10:00,News,0
2022-10-26 18:24:02.592925+10:00,SMH,6
2022-10-27 06:20:00.275568+10:00,ABC,20
2022-10-27 06:20:28.649383+10:00,News,0
2022-10-27 06:20:30.452788+10:00,SMH,7
2022-10-27 18:23:54.474951+10:00,ABC,20
2022-10-27 18:24:24.197642+10:00,News,0
2022-10-27 18:24:26.368552+10:00,SMH,6
2022-10-28 06:20:07.630839+10:00,ABC,20
2022-10-28 06:20:30.673317+10:00,News,0
2022-10-28 06:20:32.372623+10:00,SMH,6
2022-10-28 18:28:58.299263+10:00,ABC,20
2022-10-28 18:29:26.535339+10:00,News,0
2022-10-28 18:29:28.452129+10:00,SMH,6
2022-10-29 06:20:35.184305+10:00,ABC,20
2022-10-29 06:20:57.170663+10:00,News,0
2022-10-29 06:20:59.122808+10:00,SMH,10
2022-10-29 18:23:27.643974+10:00,ABC,20
2022-10-29 18:23:52.562204+10:00,News,0
2022-10-29 18:23:54.415544+10:00,SMH,7
2022-10-30 06:18:54.464698+10:00,ABC,20
2022-10-30 06:19:18.481377+10:00,News,0
2022-10-30 06:19:20.302727+10:00,SMH,10
2022-10-30 18:21:59.339793+10:00,ABC,20
2022-10-30 18:22:24.457165+10:00,News,0
2022-10-30 18:22:26.147279+10:00,SMH,8
2022-10-31 06:18:56.469380+10:00,ABC,20
2022-10-31 06:19:22.967281+10:00,News,0
2022-10-31 06:19:24.849455+10:00,SMH,9
